{
    "logistic_regression": {
        "accuracy": 0.8100558659217877,
        "precision": 0.7857142857142857,
        "recall": 0.7432432432432432,
        "f1_score": 0.7638888888888888
    },
    "random_forest": {
        "accuracy": 0.7988826815642458,
        "precision": 0.7638888888888888,
        "recall": 0.7432432432432432,
        "f1_score": 0.7534246575342466
    }
}